{
    "name": "root",
    "metadata": {
        "timer_format_version": "0.1.0",
        "start_time_seconds": "1606544129",
        "python_version": "3.8.5 (default, Sep  4 2020, 02:22:02) \n[Clang 10.0.0 ]",
        "command_line_arguments": "/Users/tylergreen/opt/anaconda3/bin/mlagents-learn --run-id=8",
        "mlagents_version": "0.22.0",
        "mlagents_envs_version": "0.22.0",
        "communication_protocol_version": "1.2.0",
        "pytorch_version": "1.7.0",
        "numpy_version": "1.18.5",
        "end_time_seconds": "1606544170"
    },
    "total": 41.183495891999996,
    "count": 1,
    "self": 0.17373821699999326,
    "children": {
        "run_training.setup": {
            "total": 0.03342301300000017,
            "count": 1,
            "self": 0.03342301300000017
        },
        "TrainerController.start_learning": {
            "total": 40.976334662,
            "count": 1,
            "self": 0.026445821000010028,
            "children": {
                "TrainerController._reset_env": {
                    "total": 19.417032905,
                    "count": 1,
                    "self": 19.417032905
                },
                "TrainerController.advance": {
                    "total": 21.437283251999993,
                    "count": 1198,
                    "self": 0.011777600999991478,
                    "children": {
                        "env_step": {
                            "total": 21.425505651,
                            "count": 1198,
                            "self": 19.842117445000063,
                            "children": {
                                "SubprocessEnvManager._take_step": {
                                    "total": 1.5692884639998752,
                                    "count": 1198,
                                    "self": 0.0569355619998646,
                                    "children": {
                                        "TorchPolicy.evaluate": {
                                            "total": 1.5123529020000106,
                                            "count": 1161,
                                            "self": 0.2311942490000618,
                                            "children": {
                                                "TorchPolicy.sample_actions": {
                                                    "total": 1.2811586529999488,
                                                    "count": 1161,
                                                    "self": 1.2811586529999488
                                                }
                                            }
                                        }
                                    }
                                },
                                "workers": {
                                    "total": 0.014099742000063031,
                                    "count": 1197,
                                    "self": 0.0,
                                    "children": {
                                        "worker_root": {
                                            "total": 21.397940747999918,
                                            "count": 1197,
                                            "is_parallel": true,
                                            "self": 2.4602505109999555,
                                            "children": {
                                                "steps_from_proto": {
                                                    "total": 0.00036881800000188036,
                                                    "count": 1,
                                                    "is_parallel": true,
                                                    "self": 0.00020488700000242943,
                                                    "children": {
                                                        "_process_vector_observation": {
                                                            "total": 0.00016393099999945093,
                                                            "count": 2,
                                                            "is_parallel": true,
                                                            "self": 0.00016393099999945093
                                                        }
                                                    }
                                                },
                                                "UnityEnvironment.step": {
                                                    "total": 18.93732141899996,
                                                    "count": 1197,
                                                    "is_parallel": true,
                                                    "self": 0.09425104999994005,
                                                    "children": {
                                                        "UnityEnvironment._generate_step_input": {
                                                            "total": 0.06067280899996419,
                                                            "count": 1197,
                                                            "is_parallel": true,
                                                            "self": 0.06067280899996419
                                                        },
                                                        "communicator.exchange": {
                                                            "total": 18.49993046000002,
                                                            "count": 1197,
                                                            "is_parallel": true,
                                                            "self": 18.49993046000002
                                                        },
                                                        "steps_from_proto": {
                                                            "total": 0.28246710000003716,
                                                            "count": 1197,
                                                            "is_parallel": true,
                                                            "self": 0.16543465700004134,
                                                            "children": {
                                                                "_process_vector_observation": {
                                                                    "total": 0.11703244299999582,
                                                                    "count": 2394,
                                                                    "is_parallel": true,
                                                                    "self": 0.11703244299999582
                                                                }
                                                            }
                                                        }
                                                    }
                                                }
                                            }
                                        }
                                    }
                                }
                            }
                        }
                    }
                },
                "trainer_threads": {
                    "total": 5.212199999959921e-05,
                    "count": 1,
                    "self": 5.212199999959921e-05,
                    "children": {
                        "thread_root": {
                            "total": 0.0,
                            "count": 0,
                            "is_parallel": true,
                            "self": 0.0,
                            "children": {
                                "trainer_advance": {
                                    "total": 20.72867651200049,
                                    "count": 135060,