{
    "name": "root",
    "metadata": {
        "timer_format_version": "0.1.0",
        "start_time_seconds": "1606593782",
        "python_version": "3.8.5 (default, Sep  4 2020, 02:22:02) \n[Clang 10.0.0 ]",
        "command_line_arguments": "/Users/tylergreen/opt/anaconda3/bin/mlagents-learn --run-id=21",
        "mlagents_version": "0.22.0",
        "mlagents_envs_version": "0.22.0",
        "communication_protocol_version": "1.2.0",
        "pytorch_version": "1.7.0",
        "numpy_version": "1.18.5",
        "end_time_seconds": "1606593837"
    },
    "total": 55.054766521000005,
    "count": 1,
    "self": 0.16812033099999724,
    "children": {
        "run_training.setup": {
            "total": 0.0331412990000004,
            "count": 1,
            "self": 0.0331412990000004
        },
        "TrainerController.start_learning": {
            "total": 54.85350489100001,
            "count": 1,
            "self": 0.09074436299987809,
            "children": {
                "TrainerController._reset_env": {
                    "total": 30.778779362999998,
                    "count": 1,
                    "self": 30.778779362999998
                },
                "TrainerController.advance": {
                    "total": 23.88770050800011,
                    "count": 3984,
                    "self": 0.043659251000228494,
                    "children": {
                        "env_step": {
                            "total": 23.84404125699988,
                            "count": 3984,
                            "self": 18.216851922999993,
                            "children": {
                                "SubprocessEnvManager._take_step": {
                                    "total": 5.579902091999799,
                                    "count": 3984,
                                    "self": 0.20654493999980872,
                                    "children": {
                                        "TorchPolicy.evaluate": {
                                            "total": 5.37335715199999,
                                            "count": 3984,
                                            "self": 0.7915676129998204,
                                            "children": {
                                                "TorchPolicy.sample_actions": {
                                                    "total": 4.5817895390001695,
                                                    "count": 3984,
                                                    "self": 4.5817895390001695
                                                }
                                            }
                                        }
                                    }
                                },
                                "workers": {
                                    "total": 0.04728724200008827,
                                    "count": 3983,
                                    "self": 0.0,
                                    "children": {
                                        "worker_root": {
                                            "total": 23.84662114699992,
                                            "count": 3983,
                                            "is_parallel": true,
                                            "self": 8.585306926999788,
                                            "children": {
                                                "steps_from_proto": {
                                                    "total": 0.00035567999999841504,
                                                    "count": 1,
                                                    "is_parallel": true,
                                                    "self": 0.00019744199999749412,
                                                    "children": {
                                                        "_process_vector_observation": {
                                                            "total": 0.00015823800000092092,
                                                            "count": 2,
                                                            "is_parallel": true,
                                                            "self": 0.00015823800000092092
                                                        }
                                                    }
                                                },
                                                "UnityEnvironment.step": {
                                                    "total": 15.260958540000132,
                                                    "count": 3983,
                                                    "is_parallel": true,
                                                    "self": 0.292903871000334,
                                                    "children": {
                                                        "UnityEnvironment._generate_step_input": {
                                                            "total": 0.2051196779998996,
                                                            "count": 3983,
                                                            "is_parallel": true,
                                                            "self": 0.2051196779998996
                                                        },
                                                        "communicator.exchange": {
                                                            "total": 13.849578318000017,
                                                            "count": 3983,
                                                            "is_parallel": true,
                                                            "self": 13.849578318000017
                                                        },
                                                        "steps_from_proto": {
                                                            "total": 0.9133566729998819,
                                                            "count": 3983,
                                                            "is_parallel": true,
                                                            "self": 0.5563445859996818,
                                                            "children": {
                                                                "_process_vector_observation": {
                                                                    "total": 0.35701208700020004,
                                                                    "count": 7966,
                                                                    "is_parallel": true,
                                                                    "self": 0.35701208700020004
                                                                }
                                                            }
                                                        }
                                                    }
                                                }
                                            }
                                        }
                                    }
                                }
                            }
                        }
                    }
                },
                "trainer_threads": {
                    "total": 3.741600001205825e-05,
                    "count": 1,
                    "self": 3.741600001205825e-05,
                    "children": {
                        "thread_root": {
                            "total": 0.0,
                            "count": 0,
                            "is_parallel": true,
                            "self": 0.0,
                            "children": {
                                "trainer_advance": {
                                    "total": 23.206155573997584,
                                    "count": 145107,