{"cameraMode":{"drawMode":0,"name":"Shaded","section":"Shading Mode"},"sceneLighting":false,"audioPlay":false,"sceneViewState":{"showFog":true,"showMaterialUpdate":false,"showSkybox":false,"showFlares":true,"showImageEffects":true,"showParticleSystems":true,"showVisualEffectGraphs":true,"m_FxEnabled":true},"in2DMode":false,"pivot":{"x":0.004999995231628418,"y":0.6000000238418579,"z":-0.44999998807907107},"rotation":{"x":-0.16804169118404389,"y":-0.24356305599212647,"z":0.0428897961974144,"w":-0.9542572498321533},"size":2.496492624282837,"orthographic":false}