{
    "name": "root",
    "metadata": {
        "timer_format_version": "0.1.0",
        "start_time_seconds": "1606595201",
        "python_version": "3.8.5 (default, Sep  4 2020, 02:22:02) \n[Clang 10.0.0 ]",
        "command_line_arguments": "/Users/tylergreen/opt/anaconda3/bin/mlagents-learn --run-id=30",
        "mlagents_version": "0.22.0",
        "mlagents_envs_version": "0.22.0",
        "communication_protocol_version": "1.2.0",
        "pytorch_version": "1.7.0",
        "numpy_version": "1.18.5",
        "end_time_seconds": "1606595306"
    },
    "total": 105.13489906500001,
    "count": 1,
    "self": 0.1669145580000162,
    "children": {
        "run_training.setup": {
            "total": 0.03519041200000039,
            "count": 1,
            "self": 0.03519041200000039
        },
        "TrainerController.start_learning": {
            "total": 104.93279409499999,
            "count": 1,
            "self": 0.13283454900022207,
            "children": {
                "TrainerController._reset_env": {
                    "total": 44.989509474,
                    "count": 1,
                    "self": 44.989509474
                },
                "TrainerController.advance": {
                    "total": 59.70189996299978,
                    "count": 5562,
                    "self": 0.06102910299946274,
                    "children": {
                        "env_step": {
                            "total": 59.64087086000032,
                            "count": 5562,
                            "self": 51.75961742300124,
                            "children": {
                                "SubprocessEnvManager._take_step": {
                                    "total": 7.811393497000097,
                                    "count": 5562,
                                    "self": 0.2835936200007012,
                                    "children": {
                                        "TorchPolicy.evaluate": {
                                            "total": 7.527799876999396,
                                            "count": 5334,
                                            "self": 1.1325830059994217,
                                            "children": {
                                                "TorchPolicy.sample_actions": {
                                                    "total": 6.395216870999974,
                                                    "count": 5334,
                                                    "self": 6.395216870999974
                                                }
                                            }
                                        }
                                    }
                                },
                                "workers": {
                                    "total": 0.06985993999898454,
                                    "count": 5561,
                                    "self": 0.0,
                                    "children": {
                                        "worker_root": {
                                            "total": 59.63460967699956,
                                            "count": 5561,
                                            "is_parallel": true,
                                            "self": 12.3237133949998,
                                            "children": {
                                                "steps_from_proto": {
                                                    "total": 0.0003866329999979712,
                                                    "count": 1,
                                                    "is_parallel": true,
                                                    "self": 0.00021109199999358452,
                                                    "children": {
                                                        "_process_vector_observation": {
                                                            "total": 0.00017554100000438666,
                                                            "count": 2,
                                                            "is_parallel": true,
                                                            "self": 0.00017554100000438666
                                                        }
                                                    }
                                                },
                                                "UnityEnvironment.step": {
                                                    "total": 47.31050964899976,
                                                    "count": 5561,
                                                    "is_parallel": true,
                                                    "self": 0.49140659599878944,
                                                    "children": {
                                                        "UnityEnvironment._generate_step_input": {
                                                            "total": 0.306728816000188,
                                                            "count": 5561,
                                                            "is_parallel": true,
                                                            "self": 0.306728816000188
                                                        },
                                                        "communicator.exchange": {
                                                            "total": 45.0425406430006,
                                                            "count": 5561,
                                                            "is_parallel": true,
                                                            "self": 45.0425406430006
                                                        },
                                                        "steps_from_proto": {
                                                            "total": 1.4698335940001854,
                                                            "count": 5561,
                                                            "is_parallel": true,
                                                            "self": 0.8338905200006366,
                                                            "children": {
                                                                "_process_vector_observation": {
                                                                    "total": 0.6359430739995489,
                                                                    "count": 11122,
                                                                    "is_parallel": true,
                                                                    "self": 0.6359430739995489
                                                                }
                                                            }
                                                        }
                                                    }
                                                }
                                            }
                                        }
                                    }
                                }
                            }
                        }
                    }
                },
                "trainer_threads": {
                    "total": 2.667100000053324e-05,
                    "count": 1,
                    "self": 2.667100000053324e-05,
                    "children": {
                        "thread_root": {
                            "total": 0.0,
                            "count": 0,
                            "is_parallel": true,
                            "self": 0.0,
                            "children": {
                                "trainer_advance": {
                                    "total": 57.57771562000458,
                                    "count": 358998,