{
    "name": "root",
    "metadata": {
        "timer_format_version": "0.1.0",
        "start_time_seconds": "1606546213",
        "python_version": "3.8.5 (default, Sep  4 2020, 02:22:02) \n[Clang 10.0.0 ]",
        "command_line_arguments": "/Users/tylergreen/opt/anaconda3/bin/mlagents-learn --run-id=10",
        "mlagents_version": "0.22.0",
        "mlagents_envs_version": "0.22.0",
        "communication_protocol_version": "1.2.0",
        "pytorch_version": "1.7.0",
        "numpy_version": "1.18.5",
        "end_time_seconds": "1606546237"
    },
    "total": 24.878389251999998,
    "count": 1,
    "self": 0.1567810129999998,
    "children": {
        "run_training.setup": {
            "total": 0.03046453299999996,
            "count": 1,
            "self": 0.03046453299999996
        },
        "TrainerController.start_learning": {
            "total": 24.691143706,
            "count": 1,
            "self": 0.011234365999943208,
            "children": {
                "TrainerController._reset_env": {
                    "total": 18.983122798,
                    "count": 1,
                    "self": 18.983122798
                },
                "TrainerController.advance": {
                    "total": 5.599305219000058,
                    "count": 482,
                    "self": 0.004991161999985394,
                    "children": {
                        "env_step": {
                            "total": 5.594314057000073,
                            "count": 482,
                            "self": 4.895049422000099,
                            "children": {
                                "SubprocessEnvManager._take_step": {
                                    "total": 0.6935192030000046,
                                    "count": 482,
                                    "self": 0.024023060999994073,
                                    "children": {
                                        "TorchPolicy.evaluate": {
                                            "total": 0.6694961420000105,
                                            "count": 482,
                                            "self": 0.10590006100002824,
                                            "children": {
                                                "TorchPolicy.sample_actions": {
                                                    "total": 0.5635960809999823,
                                                    "count": 482,
                                                    "self": 0.5635960809999823
                                                }
                                            }
                                        }
                                    }
                                },
                                "workers": {
                                    "total": 0.005745431999969242,
                                    "count": 481,
                                    "self": 0.0,
                                    "children": {
                                        "worker_root": {
                                            "total": 5.601134950999988,
                                            "count": 481,
                                            "is_parallel": true,
                                            "self": 1.0712523980000164,
                                            "children": {
                                                "steps_from_proto": {
                                                    "total": 0.0003730580000009809,
                                                    "count": 1,
                                                    "is_parallel": true,
                                                    "self": 0.0002031309999992459,
                                                    "children": {
                                                        "_process_vector_observation": {
                                                            "total": 0.000169927000001735,
                                                            "count": 2,
                                                            "is_parallel": true,
                                                            "self": 0.000169927000001735
                                                        }
                                                    }
                                                },
                                                "UnityEnvironment.step": {
                                                    "total": 4.529509494999971,
                                                    "count": 481,
                                                    "is_parallel": true,
                                                    "self": 0.03869694099999066,
                                                    "children": {
                                                        "UnityEnvironment._generate_step_input": {
                                                            "total": 0.026686065000017578,
                                                            "count": 481,
                                                            "is_parallel": true,
                                                            "self": 0.026686065000017578
                                                        },
                                                        "communicator.exchange": {
                                                            "total": 4.3458321439999885,
                                                            "count": 481,
                                                            "is_parallel": true,
                                                            "self": 4.3458321439999885
                                                        },
                                                        "steps_from_proto": {
                                                            "total": 0.11829434499997404,
                                                            "count": 481,
                                                            "is_parallel": true,
                                                            "self": 0.06878983700002195,
                                                            "children": {
                                                                "_process_vector_observation": {
                                                                    "total": 0.049504507999952096,
                                                                    "count": 962,
                                                                    "is_parallel": true,
                                                                    "self": 0.049504507999952096
                                                                }
                                                            }
                                                        }
                                                    }
                                                }
                                            }
                                        }
                                    }
                                }
                            }
                        }
                    }
                },
                "trainer_threads": {
                    "total": 5.8971999997936564e-05,
                    "count": 1,
                    "self": 5.8971999997936564e-05,
                    "children": {
                        "thread_root": {
                            "total": 0.0,
                            "count": 0,
                            "is_parallel": true,
                            "self": 0.0,
                            "children": {
                                "trainer_advance": {
                                    "total": 5.403568249999601,
                                    "count": 34295,