{
    "name": "root",
    "metadata": {
        "timer_format_version": "0.1.0",
        "start_time_seconds": "1606541605",
        "python_version": "3.8.5 (default, Sep  4 2020, 02:22:02) \n[Clang 10.0.0 ]",
        "command_line_arguments": "/Users/tylergreen/opt/anaconda3/bin/mlagents-learn --run-id=1",
        "mlagents_version": "0.22.0",
        "mlagents_envs_version": "0.22.0",
        "communication_protocol_version": "1.2.0",
        "pytorch_version": "1.7.0",
        "numpy_version": "1.18.5",
        "end_time_seconds": "1606541795"
    },
    "total": 189.73402549300002,
    "count": 1,
    "self": 0.26892600200002903,
    "children": {
        "run_training.setup": {
            "total": 0.07994264999999956,
            "count": 1,
            "self": 0.07994264999999956
        },
        "TrainerController.start_learning": {
            "total": 189.385156841,
            "count": 1,
            "self": 0.11466503400018269,
            "children": {
                "TrainerController._reset_env": {
                    "total": 15.938272206,
                    "count": 1,
                    "self": 15.938272206
                },
                "TrainerController.advance": {
                    "total": 173.1396171139998,
                    "count": 4174,
                    "self": 0.052547828000371055,
                    "children": {
                        "env_step": {
                            "total": 173.08706928599943,
                            "count": 4174,
                            "self": 165.56220809599853,
                            "children": {
                                "SubprocessEnvManager._take_step": {
                                    "total": 7.46267504700014,
                                    "count": 4174,
                                    "self": 0.2603116590005783,
                                    "children": {
                                        "TorchPolicy.evaluate": {
                                            "total": 7.202363387999561,
                                            "count": 4174,
                                            "self": 1.1012259189988995,
                                            "children": {
                                                "TorchPolicy.sample_actions": {
                                                    "total": 6.101137469000662,
                                                    "count": 4174,
                                                    "self": 6.101137469000662
                                                }
                                            }
                                        }
                                    }
                                },
                                "workers": {
                                    "total": 0.062186143000751315,
                                    "count": 4173,
                                    "self": 0.0,
                                    "children": {
                                        "worker_root": {
                                            "total": 172.84898643499972,
                                            "count": 4173,
                                            "is_parallel": true,
                                            "self": 11.445262782000071,
                                            "children": {
                                                "steps_from_proto": {
                                                    "total": 0.00036450099999996155,
                                                    "count": 1,
                                                    "is_parallel": true,
                                                    "self": 0.00019797100000040757,
                                                    "children": {
                                                        "_process_vector_observation": {
                                                            "total": 0.00016652999999955398,
                                                            "count": 2,
                                                            "is_parallel": true,
                                                            "self": 0.00016652999999955398
                                                        }
                                                    }
                                                },
                                                "UnityEnvironment.step": {
                                                    "total": 161.40335915199964,
                                                    "count": 4173,
                                                    "is_parallel": true,
                                                    "self": 0.42711459799869544,
                                                    "children": {
                                                        "UnityEnvironment._generate_step_input": {
                                                            "total": 0.282916384000238,
                                                            "count": 4173,
                                                            "is_parallel": true,
                                                            "self": 0.282916384000238
                                                        },
                                                        "communicator.exchange": {
                                                            "total": 159.4444497010007,
                                                            "count": 4173,
                                                            "is_parallel": true,
                                                            "self": 159.4444497010007
                                                        },
                                                        "steps_from_proto": {
                                                            "total": 1.2488784689999939,
                                                            "count": 4173,
                                                            "is_parallel": true,
                                                            "self": 0.7444657939997885,
                                                            "children": {
                                                                "_process_vector_observation": {
                                                                    "total": 0.5044126750002054,
                                                                    "count": 8346,
                                                                    "is_parallel": true,
                                                                    "self": 0.5044126750002054
                                                                }
                                                            }
                                                        }
                                                    }
                                                }
                                            }
                                        }
                                    }
                                }
                            }
                        }
                    }
                },
                "trainer_threads": {
                    "total": 4.1460000005599795e-05,
                    "count": 1,
                    "self": 4.1460000005599795e-05,
                    "children": {
                        "thread_root": {
                            "total": 0.0,
                            "count": 0,
                            "is_parallel": true,
                            "self": 0.0,
                            "children": {
                                "trainer_advance": {
                                    "total": 165.12315520301436,
                                    "count": 994795,