{
    "name": "root",
    "metadata": {
        "timer_format_version": "0.1.0",
        "start_time_seconds": "1606711972",
        "python_version": "3.8.5 (default, Sep  4 2020, 02:22:02) \n[Clang 10.0.0 ]",
        "command_line_arguments": "/Users/tylergreen/opt/anaconda3/bin/mlagents-learn configuration.yaml --run-id=39 --resume",
        "mlagents_version": "0.22.0",
        "mlagents_envs_version": "0.22.0",
        "communication_protocol_version": "1.2.0",
        "pytorch_version": "1.7.0",
        "numpy_version": "1.18.5",
        "end_time_seconds": "1606712424"
    },
    "total": 452.13261459399996,
    "count": 1,
    "self": 0.3077745869999262,
    "children": {
        "run_training.setup": {
            "total": 0.03518917700000124,
            "count": 1,
            "self": 0.03518917700000124
        },
        "TrainerController.start_learning": {
            "total": 451.78965083,
            "count": 1,
            "self": 0.9102408389974244,
            "children": {
                "TrainerController._reset_env": {
                    "total": 13.905134335000001,
                    "count": 1,
                    "self": 13.905134335000001
                },
                "TrainerController.advance": {
                    "total": 436.77487960200256,
                    "count": 24190,
                    "self": 0.4126996829949121,
                    "children": {
                        "env_step": {
                            "total": 436.36217991900764,
                            "count": 24190,
                            "self": 370.66498421400263,
                            "children": {
                                "SubprocessEnvManager._take_step": {
                                    "total": 65.20479139100436,
                                    "count": 24190,
                                    "self": 2.079226935005636,
                                    "children": {
                                        "TorchPolicy.evaluate": {
                                            "total": 63.12556445599873,
                                            "count": 24098,
                                            "self": 9.403514401994883,
                                            "children": {
                                                "TorchPolicy.sample_actions": {
                                                    "total": 53.722050054003844,
                                                    "count": 24098,
                                                    "self": 53.722050054003844
                                                }
                                            }
                                        }
                                    }
                                },
                                "workers": {
                                    "total": 0.49240431400065177,
                                    "count": 24189,
                                    "self": 0.0,
                                    "children": {
                                        "worker_root": {
                                            "total": 436.45364166099677,
                                            "count": 24189,
                                            "is_parallel": true,
                                            "self": 96.85860886899479,
                                            "children": {
                                                "steps_from_proto": {
                                                    "total": 0.0003540900000000846,
                                                    "count": 1,
                                                    "is_parallel": true,
                                                    "self": 0.00019334999999998104,
                                                    "children": {
                                                        "_process_vector_observation": {
                                                            "total": 0.00016074000000010358,
                                                            "count": 2,
                                                            "is_parallel": true,
                                                            "self": 0.00016074000000010358
                                                        }
                                                    }
                                                },
                                                "UnityEnvironment.step": {
                                                    "total": 339.594678702002,
                                                    "count": 24189,
                                                    "is_parallel": true,
                                                    "self": 3.285339044007742,
                                                    "children": {
                                                        "UnityEnvironment._generate_step_input": {
                                                            "total": 2.1506912949969887,
                                                            "count": 24189,
                                                            "is_parallel": true,
                                                            "self": 2.1506912949969887
                                                        },
                                                        "communicator.exchange": {
                                                            "total": 324.560180632999,
                                                            "count": 24189,
                                                            "is_parallel": true,
                                                            "self": 324.560180632999
                                                        },
                                                        "steps_from_proto": {
                                                            "total": 9.598467729998276,
                                                            "count": 24189,
                                                            "is_parallel": true,
                                                            "self": 5.73456927099399,
                                                            "children": {
                                                                "_process_vector_observation": {
                                                                    "total": 3.863898459004286,
                                                                    "count": 48378,
                                                                    "is_parallel": true,
                                                                    "self": 3.863898459004286
                                                                }
                                                            }
                                                        }
                                                    }
                                                }
                                            }
                                        }
                                    }
                                }
                            }
                        }
                    }
                },
                "trainer_threads": {
                    "total": 4.352700000254117e-05,
                    "count": 1,
                    "self": 4.352700000254117e-05,
                    "children": {
                        "thread_root": {
                            "total": 0.0,
                            "count": 0,
                            "is_parallel": true,
                            "self": 0.0,
                            "children": {
                                "trainer_advance": {
                                    "total": 412.90136473000666,