{
    "name": "root",
    "gauges": {
        "GameBehavior.Policy.Entropy.mean": {
            "value": 0.09805382788181305,
            "min": 0.09805382788181305,
            "max": 0.10156682878732681,
            "count": 3
        },
        "GameBehavior.Policy.ExtrinsicValueEstimate.mean": {
            "value": 8.477646827697754,
            "min": 7.512750148773193,
            "max": 8.477646827697754,
            "count": 3
        },
        "GameBehavior.Environment.EpisodeLength.mean": {
            "value": 238.36363636363637,
            "min": 233.36094674556213,
            "max": 238.36363636363637,
            "count": 3
        },
        "GameBehavior.Environment.CumulativeReward.mean": {
            "value": 32.52501999105563,
            "min": 31.469579571325863,
            "max": 32.52501999105563,
            "count": 3
        },
        "GameBehavior.Policy.ExtrinsicReward.mean": {
            "value": 32.52501999105563,
            "min": 31.469579571325863,
            "max": 32.52501999105563,
            "count": 3
        },
        "GameBehavior.Losses.PolicyLoss.mean": {
            "value": 0.023744971275640032,
            "min": 0.020712530010172887,
            "max": 0.024178187203748775,
            "count": 3
        },
        "GameBehavior.Losses.ValueLoss.mean": {
            "value": 3.1709440390268964,
            "min": 2.9071596490012275,
            "max": 3.1709440390268964,
            "count": 3
        },
        "GameBehavior.Policy.LearningRate.mean": {
            "value": 5.297306234234e-05,
            "min": 5.297306234234e-05,
            "max": 8.070407309866665e-05,
            "count": 3
        },
        "GameBehavior.Policy.Epsilon.mean": {
            "value": 0.11765766000000003,
            "min": 0.11765766000000003,
            "max": 0.12690133333333334,
            "count": 3
        },
        "GameBehavior.Policy.Beta.mean": {
            "value": 0.0008911172340000002,
            "min": 0.0008911172340000002,
            "max": 0.0013523765333333336,
            "count": 3
        },
        "GameBehavior.IsTraining.mean": {
            "value": 1.0,
            "min": 1.0,
            "max": 1.0,
            "count": 3
        }
    },
    "metadata": {
        "timer_format_version": "0.1.0",
        "start_time_seconds": "1606681122",
        "python_version": "3.8.5 (default, Sep  4 2020, 02:22:02) \n[Clang 10.0.0 ]",
        "command_line_arguments": "/Users/tylergreen/opt/anaconda3/bin/mlagents-learn configuration.yaml --run-id=39 --resume",
        "mlagents_version": "0.22.0",
        "mlagents_envs_version": "0.22.0",
        "communication_protocol_version": "1.2.0",
        "pytorch_version": "1.7.0",
        "numpy_version": "1.18.5",
        "end_time_seconds": "1606683694"
    },
    "total": 2571.68221364,
    "count": 1,
    "self": 0.16727487800017116,
    "children": {
        "run_training.setup": {
            "total": 0.07835112200000083,
            "count": 1,
            "self": 0.07835112200000083
        },
        "TrainerController.start_learning": {
            "total": 2571.4365876399997,
            "count": 1,
            "self": 5.288730645000214,
            "children": {
                "TrainerController._reset_env": {
                    "total": 44.751525131,
                    "count": 1,
                    "self": 44.751525131
                },
                "TrainerController.advance": {
                    "total": 2521.1893729689996,
                    "count": 146816,
                    "self": 2.4483575640419986,
                    "children": {
                        "env_step": {
                            "total": 2518.7410154049576,
                            "count": 146816,
                            "self": 2143.8284742369838,
                            "children": {
                                "SubprocessEnvManager._take_step": {
                                    "total": 371.98509908903384,
                                    "count": 146816,
                                    "self": 11.998034072034159,
                                    "children": {
                                        "TorchPolicy.evaluate": {
                                            "total": 359.9870650169997,
                                            "count": 146244,
                                            "self": 52.93800528799886,
                                            "children": {
                                                "TorchPolicy.sample_actions": {
                                                    "total": 307.0490597290008,
                                                    "count": 146244,
                                                    "self": 307.0490597290008
                                                }
                                            }
                                        }
                                    }
                                },
                                "workers": {
                                    "total": 2.927442078939791,
                                    "count": 146815,
                                    "self": 0.0,
                                    "children": {
                                        "worker_root": {
                                            "total": 2519.091051243032,
                                            "count": 146815,
                                            "is_parallel": true,
                                            "self": 556.1732301210604,
                                            "children": {
                                                "steps_from_proto": {
                                                    "total": 0.0003671919999987949,
                                                    "count": 1,
                                                    "is_parallel": true,
                                                    "self": 0.00020195199999051283,
                                                    "children": {
                                                        "_process_vector_observation": {
                                                            "total": 0.0001652400000082821,
                                                            "count": 2,
                                                            "is_parallel": true,
                                                            "self": 0.0001652400000082821
                                                        }
                                                    }
                                                },
                                                "UnityEnvironment.step": {
                                                    "total": 1962.9174539299713,
                                                    "count": 146815,
                                                    "is_parallel": true,
                                                    "self": 19.042189432922214,
                                                    "children": {
                                                        "UnityEnvironment._generate_step_input": {
                                                            "total": 12.253824517050589,
                                                            "count": 146815,
                                                            "is_parallel": true,
                                                            "self": 12.253824517050589
                                                        },
                                                        "communicator.exchange": {
                                                            "total": 1875.5212751720242,
                                                            "count": 146815,
                                                            "is_parallel": true,