{
    "name": "root",
    "gauges": {
        "GameBehavior.Policy.Entropy.mean": {
            "value": 1.0963671207427979,
            "min": 1.0962657928466797,
            "max": 1.0982277393341064,
            "count": 5
        },
        "GameBehavior.Policy.ExtrinsicValueEstimate.mean": {
            "value": -0.011654509231448174,
            "min": -0.03264343738555908,
            "max": -0.011400967836380005,
            "count": 5
        },
        "GameBehavior.Losses.PolicyLoss.mean": {
            "value": 0.02238370885529245,
            "min": 0.018575197208944398,
            "max": 0.024037535150224963,
            "count": 5
        },
        "GameBehavior.Losses.ValueLoss.mean": {
            "value": 0.0013005989160834969,
            "min": 0.0013005989160834969,
            "max": 0.039697165696998125,
            "count": 5
        },
        "GameBehavior.Policy.LearningRate.mean": {
            "value": 0.00016365316544896002,
            "min": 0.00016365316544896002,
            "max": 0.00028456920514359995,
            "count": 5
        },
        "GameBehavior.Policy.Epsilon.mean": {
            "value": 0.15455104,
            "min": 0.15455104,
            "max": 0.19485640000000004,
            "count": 5
        },
        "GameBehavior.Policy.Beta.mean": {
            "value": 0.002732096896,
            "min": 0.002732096896,
            "max": 0.00474333436,
            "count": 5
        },
        "GameBehavior.Environment.EpisodeLength.mean": {
            "value": 999.0,
            "min": 999.0,
            "max": 999.0,
            "count": 5
        },
        "GameBehavior.Environment.CumulativeReward.mean": {
            "value": 0.29363632811741397,
            "min": -0.8508333836992582,
            "max": 0.3841025195060632,
            "count": 5
        },
        "GameBehavior.Policy.ExtrinsicReward.mean": {
            "value": 0.29363632811741397,
            "min": -0.8508333836992582,
            "max": 0.3841025195060632,
            "count": 5
        },
        "GameBehavior.IsTraining.mean": {
            "value": 1.0,
            "min": 1.0,
            "max": 1.0,
            "count": 5
        }
    },
    "metadata": {
        "timer_format_version": "0.1.0",
        "start_time_seconds": "1606591775",
        "python_version": "3.8.5 (default, Sep  4 2020, 02:22:02) \n[Clang 10.0.0 ]",
        "command_line_arguments": "/Users/tylergreen/opt/anaconda3/bin/mlagents-learn --run-id=13",
        "mlagents_version": "0.22.0",
        "mlagents_envs_version": "0.22.0",
        "communication_protocol_version": "1.2.0",
        "pytorch_version": "1.7.0",
        "numpy_version": "1.18.5",
        "end_time_seconds": "1606592073"
    },
    "total": 297.157176134,
    "count": 1,
    "self": 0.16847051199999896,
    "children": {
        "run_training.setup": {
            "total": 0.03442678699999924,
            "count": 1,
            "self": 0.03442678699999924
        },
        "TrainerController.start_learning": {
            "total": 296.954278835,
            "count": 1,
            "self": 0.09972035000026835,
            "children": {
                "TrainerController._reset_env": {
                    "total": 22.698691834,
                    "count": 1,
                    "self": 22.698691834
                },
                "TrainerController.advance": {
                    "total": 274.0680318129998,
                    "count": 3894,
                    "self": 0.049674616999766386,
                    "children": {
                        "env_step": {
                            "total": 274.018357196,
                            "count": 3894,
                            "self": 242.98574901,
                            "children": {
                                "SubprocessEnvManager._take_step": {
                                    "total": 30.977621523999794,
                                    "count": 3894,
                                    "self": 0.37521451000050376,
                                    "children": {
                                        "TorchPolicy.evaluate": {
                                            "total": 30.60240701399929,
                                            "count": 3719,
                                            "self": 4.502523580000172,
                                            "children": {
                                                "TorchPolicy.sample_actions": {
                                                    "total": 26.099883433999118,
                                                    "count": 3719,
                                                    "self": 26.099883433999118
                                                }
                                            }
                                        }
                                    }
                                },
                                "workers": {
                                    "total": 0.05498666200022484,
                                    "count": 3893,
                                    "self": 0.0,
                                    "children": {
                                        "worker_root": {
                                            "total": 273.9508030049996,
                                            "count": 3893,
                                            "is_parallel": true,
                                            "self": 40.9497674279998,
                                            "children": {
                                                "steps_from_proto": {
                                                    "total": 0.0003945979999997462,
                                                    "count": 1,
                                                    "is_parallel": true,
                                                    "self": 0.00021653700000356935,
                                                    "children": {
                                                        "_process_vector_observation": {
                                                            "total": 0.00017806099999617686,
                                                            "count": 2,
                                                            "is_parallel": true,
                                                            "self": 0.00017806099999617686
                                                        }
                                                    }
                                                },
                                                "UnityEnvironment.step": {
                                                    "total": 233.00064097899983,
                                                    "count": 3893,
                                                    "is_parallel": true,
                                                    "self": 1.5382760560000577,
                                                    "children": {
                                                        "UnityEnvironment._generate_step_input": {
                                                            "total": 1.88483847400013,
                                                            "count": 3893,
                                                            "is_parallel": true,
                                                            "self": 1.88483847400013
                                                        },
                                                        "communicator.exchange": {
                                                            "total": 225.91707508499948,
                                                            "count": 3893,
                                                            "is_parallel": true,